averageRating,globalEpisode
8.553799914471197,17
8.510526231049294,18
8.502920174890226,19
8.501583286376928,20
8.501348306400498,21
8.50130700483438,22
8.501299745410025,23
8.50129846944771,24
