averageRating,globalEpisode
9.13664981168656,9
9.119372120816331,10
9.127517281407064,11
9.12367743720872,12
9.125487641354274,13
9.12463426322763,14
9.125036568254288,15
9.124846911020969,16
