averageRating,globalEpisode
9.042972392064543,9
9.049476688198224,10
9.048734839298609,11
9.048819451034998,12
9.048809800625138,13
9.048810901304718,14
9.048810775766471,15
9.048810790084763,16
