averageRating,globalEpisode
9.214285714285714,9
9.328571428571427,10
9.442857142857141,11
9.557142857142857,12
9.67142857142857,13
9.785714285714285,14
9.899999999999999,15
10.014285714285712,16
